{"cameraMode":{"drawMode":0,"name":"Shaded","section":"Shading Mode"},"sceneLighting":true,"audioPlay":false,"sceneViewState":{"showFog":true,"showMaterialUpdate":false,"showSkybox":true,"showFlares":true,"showImageEffects":true,"showParticleSystems":true},"in2DMode":false,"pivot":{"x":7.796412944793701,"y":3.4847185611724855,"z":-15.356420516967774},"rotation":{"x":-0.004471635911613703,"y":-0.9955035448074341,"z":0.06130024790763855,"w":-0.07240232080221176},"size":23.66117286682129,"orthographic":false}