{"cameraMode":{"drawMode":0,"name":"Shaded","section":"Shading Mode"},"sceneLighting":true,"audioPlay":false,"sceneViewState":{"showFog":true,"showMaterialUpdate":false,"showSkybox":true,"showFlares":true,"showImageEffects":true,"showParticleSystems":true},"in2DMode":false,"pivot":{"x":2.0157053470611574,"y":3.2727489471435549,"z":0.8014623522758484},"rotation":{"x":0.12112265080213547,"y":-0.5633689761161804,"z":0.08393067866563797,"w":0.81296306848526},"size":4.737943172454834,"orthographic":false}